Participant,fzd_hands0_fingerTip_coordinates_x,fzd_hands0_fingerTip_coordinates_y,fzd_hands0_fingerTip_coordinates_z,eyegaze_new_coordinates_x,eyegaze_new_coordinates_y,angle_center,Buidling_half_width,eyegaze_new_coordinates_x_without_tablet_&_road_gazes,eyegaze_new_coordinates_y_without_tablet_&_road_gazes,angle_center_scaled,Buidling_half_width_scaled
59,-0.43458968,-0.09311744,-0.2226724,230.09000000000003,-49.41,-2.40368185321087,1.9728208944253818,,,-2.0815884848806134,1.7084628945723805
59,-0.16712978,-0.19099823,-0.20783931,-129.94,-57.400000000000006,-8.619217002659967,2.9439670078254054,,,-7.464241924303532,2.5494754287768004
59,-0.34782299,-0.10039401,-0.18620159,301.49,-74.75,7.4509247132799175,2.2624960227774875,301.49,-74.75,6.452500801700409,1.9593215557253036
59,-0.29380861,-0.08065278,-0.18688373,356.03,-120.69,8.83498333097032,2.8811744573549944,356.03,-120.69,7.651095564620298,2.495097080069425
59,-0.37735903,-0.09121156,-0.18303889,222.77999999999997,-19.310000000000002,8.597421752219512,1.2946335473697421,,,7.445367237422097,1.1211526520221966
59,-0.4322899,-0.08726688,-0.20697539,209.61,2.819999999999993,8.962017092995703,1.3478904997448358,,,7.761106802534279,1.1672731727790273
59,-0.35664657,-0.12414857,-0.18689643,392.77,-188.59,7.612603253894778,3.420155301045521,392.77,-188.59,6.592514417872878,2.961854490705421
59,-0.31144902,-0.16370407,-0.1871565,297.38,-178.06,5.9238936900945545,3.2217361806554017,297.38,-178.06,5.130091935621884,2.790023532447578
